Model,Context_Length,Start,Stop,Strand,Contig,Length,Log_Likelihood
pre_train,10000,234,479,+,contig_0,246,-0.4688332
pre_train,10000,958,644,-,contig_0,315,-154.4191
pre_train,10000,1162,1016,-,contig_0,147,-10.01725
pre_train,10000,1777,1274,-,contig_0,504,-327.4872
pre_train,10000,2032,1793,-,contig_0,240,-25.8352
pre_train,10000,2928,2074,-,contig_0,855,-44552.27
pre_train,10000,4037,3075,-,contig_0,963,-78842070.0
pre_train,10000,4160,4062,-,contig_0,99,-11.18601
pre_train,10000,5580,4153,-,contig_0,1428,-93673230000.0
pre_train,10000,7016,5598,-,contig_0,1419,-318761500.0
pre_train,10000,7465,7127,-,contig_0,339,-9.278274
pre_train,10000,8072,7428,-,contig_0,645,-1329.881
pre_train,10000,8308,8129,-,contig_0,180,-5.039177
pre_train,10000,8777,8475,-,contig_0,303,-129.5226
pre_train,10000,9376,8777,-,contig_0,600,-9920.073
pre_train,10000,9675,9385,-,contig_0,291,-40.87073
pre_train,10000,9739,9999,+,contig_0,261,-447.3407
pre_train,50000,501,64,-,contig_0,438,-1.979233
pre_train,50000,1027,641,-,contig_0,387,-35.65744
pre_train,50000,1901,981,-,contig_0,921,-20170.43
pre_train,50000,2957,1908,-,contig_0,1050,-11654.95
pre_train,50000,4330,2966,-,contig_0,1365,-205346.1
pre_train,50000,5118,4327,-,contig_0,792,-2201.011
pre_train,50000,5765,5115,-,contig_0,651,-40.63791
pre_train,50000,6025,5765,-,contig_0,261,-0.2993981
pre_train,50000,7055,6144,-,contig_0,912,-71411.9
pre_train,50000,7489,7064,-,contig_0,426,-61.32717
pre_train,50000,7730,7533,-,contig_0,198,-0.2151032
pre_train,50000,8706,7696,-,contig_0,1011,-98289.8
pre_train,50000,10232,8646,-,contig_0,1587,-977453.6
pre_train,50000,10265,10444,+,contig_0,180,-6.750907
pre_train,50000,10472,10981,+,contig_0,510,-4.269936
pre_train,50000,11150,11007,-,contig_0,144,-0.06121452
pre_train,50000,11862,11140,-,contig_0,723,-1845.762
pre_train,50000,11974,11852,-,contig_0,123,-2.954998
pre_train,50000,14616,11974,-,contig_0,2643,-31209760000.0
pre_train,50000,15059,14604,-,contig_0,456,-150.3055
pre_train,50000,15925,15116,-,contig_0,810,-494.4124
pre_train,50000,16179,15925,-,contig_0,255,-11.75911
pre_train,50000,16349,16161,-,contig_0,189,-9.464533
pre_train,50000,16579,16376,-,contig_0,204,-15.92144
pre_train,50000,17352,16576,-,contig_0,777,-11709.95
pre_train,50000,17618,17349,-,contig_0,270,-36.41094
pre_train,50000,17851,17672,-,contig_0,180,-2.088387
pre_train,50000,18165,17851,-,contig_0,315,-125.9009
pre_train,50000,18484,18179,-,contig_0,306,-15.62099
pre_train,50000,18704,18477,-,contig_0,228,-11.45471
pre_train,50000,18749,18979,+,contig_0,231,-11.28641
pre_train,50000,18993,19223,+,contig_0,231,-17.17368
pre_train,50000,19220,19360,+,contig_0,141,-28.38192
pre_train,50000,19321,19413,+,contig_0,93,-3.973929
pre_train,50000,19575,19733,+,contig_0,159,-1.854494
pre_train,50000,19832,19707,-,contig_0,126,-4.832491
pre_train,50000,20279,19890,-,contig_0,390,-153.0312
pre_train,50000,20503,20306,-,contig_0,198,-18.09943
pre_train,50000,20740,20507,-,contig_0,234,-0.1925669
pre_train,50000,20987,20781,-,contig_0,207,-26.50174
pre_train,50000,21332,21006,-,contig_0,327,-33.01748
pre_train,50000,21370,22476,+,contig_0,1107,-225806.6
pre_train,50000,22482,22667,+,contig_0,186,-0.5775715
pre_train,50000,22728,23303,+,contig_0,576,-1332.656
pre_train,50000,23375,23497,+,contig_0,123,-0.2528819
pre_train,50000,23494,23709,+,contig_0,216,-0.4462705
pre_train,50000,23706,24536,+,contig_0,831,-19722.14
pre_train,50000,24591,24806,+,contig_0,216,-58.63928
pre_train,50000,25037,24924,-,contig_0,114,-1.70173
pre_train,50000,25261,25070,-,contig_0,192,-1.64713
pre_train,50000,25413,25297,-,contig_0,117,-4.18859
pre_train,50000,25538,25425,-,contig_0,114,-2.785156
pre_train,50000,25720,25535,-,contig_0,186,-6.923246
pre_train,50000,25926,25786,-,contig_0,141,-1.349432
pre_train,50000,26047,25910,-,contig_0,138,-2.886454
pre_train,50000,26201,26028,-,contig_0,174,-1.148477
pre_train,50000,26393,26259,-,contig_0,135,-2.51145
pre_train,50000,26536,26390,-,contig_0,147,-7.411152
pre_train,50000,26517,26672,+,contig_0,156,-6.667039
pre_train,50000,26679,26774,+,contig_0,96,-0.1438889
pre_train,50000,26842,28701,+,contig_0,1860,-3142665000.0
pre_train,50000,28735,31032,+,contig_0,2298,-191324900000.0
pre_train,50000,30992,31414,+,contig_0,423,-260.3207
pre_train,50000,31414,32916,+,contig_0,1503,-62829280.0
pre_train,50000,32918,33025,+,contig_0,108,-3.229011
pre_train,50000,33039,33578,+,contig_0,540,-122.9174
pre_train,50000,33712,33963,+,contig_0,252,-13.75384
pre_train,50000,33947,34366,+,contig_0,420,-174.6736
pre_train,50000,34368,34613,+,contig_0,246,-99.04699
pre_train,50000,34597,35184,+,contig_0,588,-359.4074
pre_train,50000,35273,35488,+,contig_0,216,-6.716036
pre_train,50000,35619,35792,+,contig_0,174,-0.1436573
pre_train,50000,35802,35921,+,contig_0,120,-0.1448309
pre_train,50000,36000,36092,+,contig_0,93,-0.07393719
pre_train,50000,36103,36192,+,contig_0,90,-0.1436672
pre_train,50000,36228,36332,+,contig_0,105,-0.2384752
pre_train,50000,36486,37061,+,contig_0,576,-3881.415
pre_train,50000,37257,37147,-,contig_0,111,-2.823631
pre_train,50000,37402,37289,-,contig_0,114,-2.110011
pre_train,50000,38151,37402,-,contig_0,750,-136.4767
pre_train,50000,38076,38564,+,contig_0,489,-210.2528
pre_train,50000,38579,39061,+,contig_0,483,-456.3062
pre_train,50000,39126,39359,+,contig_0,234,-14.35491
pre_train,50000,39371,39565,+,contig_0,195,-8.443008
pre_train,50000,39627,39998,+,contig_0,372,-947.0783
pre_train,50000,40031,40327,+,contig_0,297,-174.067
pre_train,50000,40317,40685,+,contig_0,369,-8.813789
pre_train,50000,40688,40915,+,contig_0,228,-25.67711
pre_train,50000,40964,41068,+,contig_0,105,-2.344158
pre_train,50000,41046,41663,+,contig_0,618,-861.0519
pre_train,50000,41650,41874,+,contig_0,225,-26.44659
pre_train,50000,41924,42037,+,contig_0,114,-0.6629897
pre_train,50000,42051,42293,+,contig_0,243,-19.82735
pre_train,50000,42862,42305,-,contig_0,558,-733.3942
pre_train,50000,43021,42899,-,contig_0,123,-0.1663659
pre_train,50000,43624,43073,-,contig_0,552,-392.9158
pre_train,50000,43906,43709,-,contig_0,198,-18.0716
pre_train,50000,44137,44015,-,contig_0,123,-0.06760242
pre_train,50000,44104,44826,+,contig_0,723,-414.9873
pre_train,50000,44823,44981,+,contig_0,159,-8.162346
pre_train,50000,44981,45070,+,contig_0,90,-4.269985
pre_train,50000,45110,45223,+,contig_0,114,-0.1787339
pre_train,50000,45384,46094,+,contig_0,711,-3657.791
pre_train,50000,46120,46371,+,contig_0,252,-19.97157
pre_train,50000,46371,46982,+,contig_0,612,-829.1504
pre_train,50000,46970,47467,+,contig_0,498,-252.9999
pre_train,50000,47476,48123,+,contig_0,648,-2203.549
pre_train,50000,49279,48137,-,contig_0,1143,-1199579.0
pre_train,50000,49455,49276,-,contig_0,180,-3.495042
pre_train,50000,49508,49636,+,contig_0,129,-0.106203
pre_train,50000,50000,49743,-,contig_0,258,-12.64034
pre_train,25000,336,1,-,contig_0,336,-50.70209
pre_train,25000,517,326,-,contig_0,192,-47.48474
pre_train,25000,760,542,-,contig_0,219,-138.2391
pre_train,25000,1020,757,-,contig_0,264,-114.7138
pre_train,25000,173,3,-,contig_1,171,-1.933248
pre_train,25000,394,170,-,contig_1,225,-22.21338
pre_train,25000,668,435,-,contig_1,234,-118.8117
pre_train,25000,1152,709,-,contig_1,444,-1282.468
pre_train,25000,1308,1216,-,contig_1,93,-1.28555
pre_train,25000,1744,1286,-,contig_1,459,-516.5921
pre_train,25000,1862,1755,-,contig_1,108,-0.1758495
pre_train,25000,2243,2007,-,contig_1,237,-534.4075
pre_train,25000,2197,2355,+,contig_1,159,-0.2859679
pre_train,25000,2480,2635,+,contig_1,156,-2.660155
pre_train,25000,3379,2918,-,contig_1,462,-2480.574
pre_train,25000,3684,3418,-,contig_1,267,-138.5434
pre_train,25000,3953,3720,-,contig_1,234,-75.74012
pre_train,25000,4092,3982,-,contig_1,111,-0.1028389
pre_train,25000,4590,4228,-,contig_1,363,-1356.869
pre_train,25000,5100,4603,-,contig_1,498,-2555.804
pre_train,25000,5837,5142,-,contig_1,696,-654738.0
pre_train,25000,5811,5912,+,contig_1,102,-0.2859635
pre_train,25000,5969,6079,+,contig_1,111,-1.296537
pre_train,25000,6603,6106,-,contig_1,498,-6104.192
pre_train,25000,6863,6648,-,contig_1,216,-44.21042
pre_train,25000,7001,6906,-,contig_1,96,-1.283034
pre_train,25000,7109,7005,-,contig_1,105,-0.118724
pre_train,25000,7500,7144,-,contig_1,357,-142.5991
pre_train,25000,8935,7592,-,contig_1,1344,-217225200000.0
pre_train,25000,9269,8940,-,contig_1,330,-1358.026
pre_train,25000,9680,9309,-,contig_1,372,-2326.009
pre_train,25000,10097,9822,-,contig_1,276,-119.6146
pre_train,25000,10587,10183,-,contig_1,405,-310.9016
pre_train,25000,10971,10747,-,contig_1,225,-57.37867
pre_train,25000,11327,10983,-,contig_1,345,-61.169
pre_train,25000,11602,11306,-,contig_1,297,-240.7029
pre_train,25000,11992,11618,-,contig_1,375,-4577.22
pre_train,25000,12900,12082,-,contig_1,819,-1732659.0
pre_train,25000,13391,13287,-,contig_1,105,-0.08331998
pre_train,25000,13852,13427,-,contig_1,426,-1456.132
pre_train,25000,14759,13860,-,contig_1,900,-18118110.0
pre_train,25000,14845,14756,-,contig_1,90,-4.35594
pre_train,25000,15709,14873,-,contig_1,837,-4236750.0
pre_train,25000,16218,15673,-,contig_1,546,-3678.275
pre_train,25000,16469,16236,-,contig_1,234,-8.530493
pre_train,25000,16810,16604,-,contig_1,207,-80.05304
pre_train,25000,17098,16862,-,contig_1,237,-16.49635
pre_train,25000,17393,17112,-,contig_1,282,-617.3809
pre_train,25000,18504,17347,-,contig_1,1158,-39349480.0
pre_train,25000,19376,18501,-,contig_1,876,-723824.4
pre_train,25000,19501,19385,-,contig_1,117,-1.339267
pre_train,25000,19977,19519,-,contig_1,459,-266.7663
pre_train,25000,20326,20018,-,contig_1,309,-41.34965
pre_train,25000,20573,20298,-,contig_1,276,-178.0927
pre_train,25000,20935,20606,-,contig_1,330,-549.0892
pre_train,25000,20921,21049,+,contig_1,129,-1.977794
pre_train,25000,21686,21192,-,contig_1,495,-1004.43
pre_train,25000,22111,21878,-,contig_1,234,-36.11449
pre_train,25000,22635,22210,-,contig_1,426,-240.2797
pre_train,25000,22888,22724,-,contig_1,165,-10.48406
pre_train,25000,23144,22992,-,contig_1,153,-2.573362
pre_train,25000,23381,23199,-,contig_1,183,-19.36293
pre_train,25000,23850,23371,-,contig_1,480,-844.733
pre_train,5000,519,88,-,contig_0,432,-48.43206
pre_train,5000,931,608,-,contig_0,324,-107.8686
pre_train,5000,1734,1036,-,contig_0,699,-22519.79
pre_train,5000,2087,1731,-,contig_0,357,-1210.965
pre_train,5000,2133,2225,+,contig_0,93,-0.07577734
pre_train,5000,2320,2679,+,contig_0,360,-1227.493
pre_train,5000,2770,2880,+,contig_0,111,-10.39952
pre_train,5000,2883,3014,+,contig_0,132,-0.76716
pre_train,5000,3021,3200,+,contig_0,180,-27.53428
pre_train,5000,3149,3718,+,contig_0,570,-35545.22
pre_train,5000,3842,4171,+,contig_0,330,-685.2031
pre_train,5000,4529,4389,-,contig_0,141,-0.1944519
pre_train,5000,4930,4538,-,contig_0,393,-1947.549
pre_train,5000,5000,4908,-,contig_0,93,-4.476678
pre_train,25000,121,23,-,contig_0,99,-0.3645442
pre_train,25000,298,1026,+,contig_0,729,-3850784.0
pre_train,25000,986,1354,+,contig_0,369,-74.6642
pre_train,25000,1423,1641,+,contig_0,219,-2.526597
pre_train,25000,1734,1832,+,contig_0,99,-0.1955313
pre_train,25000,2002,1904,-,contig_0,99,-14.20587
pre_train,25000,2230,2063,-,contig_0,168,-38.4381
pre_train,25000,2816,2331,-,contig_0,486,-755.801
pre_train,25000,2786,2920,+,contig_0,135,-1.951124
pre_train,25000,3014,3115,+,contig_0,102,-5.098719
pre_train,25000,4305,3304,-,contig_0,1002,-60202.31
pre_train,25000,4482,4667,+,contig_0,186,-121.4795
pre_train,25000,4789,4682,-,contig_0,108,-0.1554049
pre_train,25000,5145,4786,-,contig_0,360,-70.11647
pre_train,25000,5404,5309,-,contig_0,96,-2.627791
pre_train,25000,5363,5527,+,contig_0,165,-10.18148
pre_train,25000,5532,6014,+,contig_0,483,-4491.724
pre_train,25000,6007,6312,+,contig_0,306,-57.03617
pre_train,25000,6707,6294,-,contig_0,414,-218.0968
pre_train,25000,7146,6760,-,contig_0,387,-1589.719
pre_train,25000,7505,7143,-,contig_0,363,-44.33451
pre_train,25000,7878,7462,-,contig_0,417,-411.9134
pre_train,25000,7900,7992,+,contig_0,93,-0.1220362
pre_train,25000,8046,8285,+,contig_0,240,-118.3771
pre_train,25000,8342,8464,+,contig_0,123,-4.960164
pre_train,25000,8507,8623,+,contig_0,117,-0.5225058
pre_train,25000,8694,8852,+,contig_0,159,-2.877471
pre_train,25000,8852,9157,+,contig_0,306,-861.7127
pre_train,25000,9144,9464,+,contig_0,321,-101.2984
pre_train,25000,9481,9696,+,contig_0,216,-48.29627
pre_train,25000,9755,10243,+,contig_0,489,-1548.808
pre_train,25000,10314,10652,+,contig_0,339,-134.0799
pre_train,25000,10823,11266,+,contig_0,444,-10882.06
pre_train,25000,11315,11497,+,contig_0,183,-9.405325
pre_train,25000,11490,12626,+,contig_0,1137,-45425230.0
pre_train,25000,12766,13263,+,contig_0,498,-2095.731
pre_train,25000,13263,13841,+,contig_0,579,-1014.0
pre_train,25000,13838,14209,+,contig_0,372,-97.40788
pre_train,25000,14225,14686,+,contig_0,462,-10865.56
pre_train,25000,14688,14924,+,contig_0,237,-2106.369
pre_train,25000,14980,15279,+,contig_0,300,-377.3013
pre_train,25000,15376,15263,-,contig_0,114,-1.354816
pre_train,25000,15474,15914,+,contig_0,441,-2254.086
pre_train,25000,16007,16309,+,contig_0,303,-152.1978
pre_train,25000,16306,16947,+,contig_0,642,-6452.738
pre_train,25000,17015,17155,+,contig_0,141,-0.3626884
pre_train,25000,17234,17338,+,contig_0,105,-1.51736
pre_train,25000,17479,17694,+,contig_0,216,-30.49945
pre_train,25000,17701,18135,+,contig_0,435,-752.0619
pre_train,25000,18092,18328,+,contig_0,237,-267.1426
pre_train,25000,18370,18924,+,contig_0,555,-69418.86
pre_train,25000,18939,19166,+,contig_0,228,-141.7466
pre_train,25000,19197,19460,+,contig_0,264,-40.54237
pre_train,25000,19513,20298,+,contig_0,786,-642479.3
pre_train,25000,20340,20609,+,contig_0,270,-11.93817
pre_train,25000,20612,21469,+,contig_0,858,-12745590.0
pre_train,25000,21557,22351,+,contig_0,795,-6050.582
pre_train,25000,22305,22424,+,contig_0,120,-25.91855
pre_train,25000,22449,23396,+,contig_0,948,-35576880.0
pre_train,25000,23450,24169,+,contig_0,720,-1289960.0
pre_train,25000,24170,24283,+,contig_0,114,-0.06918978
pre_train,25000,24293,24382,+,contig_0,90,-0.07427314
pre_train,25000,24533,24375,-,contig_0,159,-1.187464
pre_train,25000,24573,24998,+,contig_0,426,-524.5473
pre_train,5000,993,1,-,contig_0,993,-484958800.0
pre_train,5000,1076,981,-,contig_0,96,-2.858247
pre_train,5000,2836,1073,-,contig_0,1764,-22534600000000.0
pre_train,5000,3723,2836,-,contig_0,888,-25338950.0
pre_train,5000,4957,3737,-,contig_0,1221,-476962200.0
pre_train,50000,1,150,+,contig_0,150,-3.842895
pre_train,50000,153,437,+,contig_0,285,-126.1632
pre_train,50000,492,1268,+,contig_0,777,-73867.11
pre_train,50000,1238,2056,+,contig_0,819,-359707.7
pre_train,50000,2059,2421,+,contig_0,363,-227.4051
pre_train,50000,2598,2729,+,contig_0,132,-1.729489
pre_train,50000,2735,3037,+,contig_0,303,-54.30273
pre_train,50000,3055,3309,+,contig_0,255,-5.801111
pre_train,50000,3306,3734,+,contig_0,429,-90.54258
pre_train,50000,3745,4866,+,contig_0,1122,-8413316.0
pre_train,50000,5031,6284,+,contig_0,1254,-378845.9
pre_train,50000,6256,7887,+,contig_0,1632,-47182700000.0
pre_train,50000,8023,8508,+,contig_0,486,-76.06055
pre_train,50000,8508,9098,+,contig_0,591,-901.3535
pre_train,50000,9099,9479,+,contig_0,381,-253.9708
pre_train,50000,10454,9522,-,contig_0,933,-195125.9
pre_train,50000,10441,10539,+,contig_0,99,-0.3553344
pre_train,50000,10556,12334,+,contig_0,1779,-6384918000.0
pre_train,50000,12366,12479,+,contig_0,114,-0.1339411
pre_train,50000,12705,12815,+,contig_0,111,-0.06169718
pre_train,50000,12896,13039,+,contig_0,144,-0.3201951
pre_train,50000,18140,13050,-,contig_0,5091,-3.492306e+27
pre_train,50000,18120,18434,+,contig_0,315,-18.74138
pre_train,50000,334,2,-,contig_1,333,-68.13275
pre_train,50000,2893,341,-,contig_1,2553,-15912510000000.0
pre_train,50000,4349,2787,-,contig_1,1563,-3526751.0
pre_train,50000,4476,4351,-,contig_1,126,-2.72641
pre_train,50000,4684,4490,-,contig_1,195,-0.1009371
pre_train,50000,5189,4674,-,contig_1,516,-879.0948
pre_train,50000,5971,5186,-,contig_1,786,-8189.212
pre_train,50000,6415,6041,-,contig_1,375,-41.4244
pre_train,50000,6978,6463,-,contig_1,516,-14.91968
pre_train,50000,8493,6982,-,contig_1,1512,-10672470.0
pre_train,50000,8990,8523,-,contig_1,468,-394.9079
pre_train,50000,9105,9016,-,contig_1,90,-1.036988
pre_train,50000,11138,9102,-,contig_1,2037,-45403150.0
pre_train,50000,11495,11154,-,contig_1,342,-402.7915
pre_train,50000,12119,11574,-,contig_1,546,-144.2341
pre_train,50000,12595,12110,-,contig_1,486,-576.5373
pre_train,50000,12681,12592,-,contig_1,90,-1.420391
pre_train,50000,13349,12681,-,contig_1,669,-1113.783
pre_train,50000,13745,13353,-,contig_1,393,-241.0462
pre_train,50000,14251,13751,-,contig_1,501,-899.6137
pre_train,50000,14723,14256,-,contig_1,468,-890.0501
pre_train,50000,15130,14720,-,contig_1,411,-125.3423
pre_train,50000,15552,15127,-,contig_1,426,-86.14677
pre_train,50000,16058,15540,-,contig_1,519,-422.2488
pre_train,50000,17155,16025,-,contig_1,1131,-2166322.0
pre_train,50000,17302,17183,-,contig_1,120,-0.1871452
pre_train,50000,17775,17299,-,contig_1,477,-411.6082
pre_train,50000,17776,17925,+,contig_1,150,-0.1001175
pre_train,50000,18019,18333,+,contig_1,315,-17.07174
pre_train,50000,19116,18307,-,contig_1,810,-11880.0
pre_train,50000,19267,19121,-,contig_1,147,-1.179685
pre_train,50000,19454,19350,-,contig_1,105,-4.55391
pre_train,50000,369,1,-,contig_2,369,-22.72896
pre_train,50000,875,396,-,contig_2,480,-1700.1
pre_train,50000,1103,924,-,contig_2,180,-1.880513
pre_train,50000,1245,1144,-,contig_2,102,-0.113017
pre_train,50000,1791,1315,-,contig_2,477,-809.3477
pre_train,50000,1922,1809,-,contig_2,114,-2.639999
pre_train,50000,2098,1979,-,contig_2,120,-0.9988071
pre_train,50000,2495,2067,-,contig_2,429,-16.11481
pre_train,50000,2673,2506,-,contig_2,168,-0.3718946
pre_train,50000,2868,2710,-,contig_2,159,-6.993798
pre_train,50000,3677,2865,-,contig_2,813,-8397.382
pre_train,50000,3964,3656,-,contig_2,309,-123.6828
pre_train,50000,4883,3948,-,contig_2,936,-4551.218
pre_train,50000,6048,4945,-,contig_2,1104,-228813.7
pre_train,50000,6443,6033,-,contig_2,411,-26.36472
pre_train,50000,7330,6425,-,contig_2,906,-581213.0
pre_train,50000,7433,7332,-,contig_2,102,-1.193383
pre_train,50000,7585,7496,-,contig_2,90,-4.373408
pre_train,50000,7774,7601,-,contig_2,174,-8.238731
pre_train,50000,8940,7753,-,contig_2,1188,-188423.9
pre_train,50000,9710,9153,-,contig_2,558,-515.5627
pre_train,50000,10030,9806,-,contig_2,225,-15.56674
pre_train,50000,10255,10097,-,contig_2,159,-3.114017
pre_train,50000,10968,10261,-,contig_2,708,-2738.314
pre_train,50000,11336,10968,-,contig_2,369,-159.5281
pre_train,50000,11997,11275,-,contig_2,723,-943.0637
pre_train,1000,3,539,+,contig_0,537,-14679.33
pre_train,1000,555,998,+,contig_0,444,-66284.73
pre_train,1000,42,338,+,contig_0,297,-99.31075
pre_train,1000,353,823,+,contig_0,471,-14308.08
pre_train,1000,845,1000,+,contig_0,156,-9.491287
pre_train,10000,2,130,+,contig_0,129,-2.427256
pre_train,10000,106,1599,+,contig_0,1494,-407373100000.0
pre_train,10000,1599,1751,+,contig_0,153,-46.26128
pre_train,10000,1804,2286,+,contig_0,483,-5613.8
pre_train,10000,2283,2735,+,contig_0,453,-2661.149
pre_train,10000,3412,2744,-,contig_0,669,-13327.18
pre_train,10000,4001,3519,-,contig_0,483,-3408.778
pre_train,10000,4057,4191,+,contig_0,135,-0.3753703
pre_train,10000,4218,4631,+,contig_0,414,-16877.9
pre_train,10000,4628,5464,+,contig_0,837,-24114900.0
pre_train,10000,1,183,+,contig_1,183,-141.1008
pre_train,10000,170,277,+,contig_1,108,-0.8050986
pre_train,10000,421,615,+,contig_1,195,-453.7805
pre_train,10000,640,774,+,contig_1,135,-32.6203
pre_train,10000,793,1293,+,contig_1,501,-77337.91
pre_train,10000,1394,1984,+,contig_1,591,-487973.1
pre_train,10000,1981,2511,+,contig_1,531,-63043.08
pre_train,10000,2630,2758,+,contig_1,129,-24.30248
pre_train,10000,2751,3143,+,contig_1,393,-545.2851
pre_train,10000,3143,3667,+,contig_1,525,-301543.0
pre_train,10000,3778,4533,+,contig_1,756,-216338000.0
fine_tuned,10000,3,104,+,contig_0,102,-3.145233
fine_tuned,10000,141,317,+,contig_0,177,-7.568044
fine_tuned,10000,338,559,+,contig_0,222,-32.44993
fine_tuned,10000,505,621,+,contig_0,117,-0.4943657
fine_tuned,10000,762,1196,+,contig_0,435,-71.86275
fine_tuned,10000,1267,1452,+,contig_0,186,-26.05872
fine_tuned,10000,1482,1601,+,contig_0,120,-15.18028
fine_tuned,10000,1870,1583,-,contig_0,288,-3.533768
fine_tuned,10000,1854,2333,+,contig_0,480,-1402.196
fine_tuned,10000,2424,2648,+,contig_0,225,-81.73087
fine_tuned,10000,2665,4104,+,contig_0,1440,-933381400000.0
fine_tuned,10000,4193,4420,+,contig_0,228,-123.3327
fine_tuned,10000,4437,4760,+,contig_0,324,-3252.753
fine_tuned,10000,4760,5470,+,contig_0,711,-5553315.0
fine_tuned,10000,5458,5574,+,contig_0,117,-0.3021122
fine_tuned,10000,5618,6616,+,contig_0,999,-1936406000.0
fine_tuned,10000,6674,7612,+,contig_0,939,-175545500.0
fine_tuned,10000,7663,8208,+,contig_0,546,-10529.61
fine_tuned,10000,8459,8370,-,contig_0,90,-0.07364969
fine_tuned,10000,8433,8837,+,contig_0,405,-6846.608
fine_tuned,10000,9150,8935,-,contig_0,216,-0.5278919
fine_tuned,10000,9342,9223,-,contig_0,120,-3.049239
fine_tuned,10000,9456,9911,+,contig_0,456,-23227.49
fine_tuned,10000,230,45,-,contig_0,186,-1.887477
fine_tuned,10000,1227,280,-,contig_0,948,-880322400.0
fine_tuned,10000,1466,1227,-,contig_0,240,-153.3049
fine_tuned,10000,1774,1463,-,contig_0,312,-2567.799
fine_tuned,10000,2160,1771,-,contig_0,390,-616.7347
fine_tuned,10000,2362,2210,-,contig_0,153,-43.38701
fine_tuned,10000,2526,2335,-,contig_0,192,-230.1957
fine_tuned,10000,2789,2643,-,contig_0,147,-0.07202744
fine_tuned,10000,2988,2884,-,contig_0,105,-12.97595
fine_tuned,10000,3988,3026,-,contig_0,963,-1280851000.0
fine_tuned,10000,5395,4061,-,contig_0,1335,-8363749000000000.0
fine_tuned,10000,5672,5397,-,contig_0,276,-472.9286
fine_tuned,10000,5766,5641,-,contig_0,126,-2.391771
fine_tuned,10000,5769,6254,+,contig_0,486,-70752.43
fine_tuned,10000,6238,6441,+,contig_0,204,-11.38999
fine_tuned,10000,6441,6689,+,contig_0,249,-42.22184
fine_tuned,10000,6730,6969,+,contig_0,240,-8.010694
fine_tuned,10000,6971,7162,+,contig_0,192,-50.86794
fine_tuned,10000,8866,7136,-,contig_0,1731,-7628537000000000.0
fine_tuned,10000,9163,9065,-,contig_0,99,-0.09576269
fine_tuned,10000,9219,9551,+,contig_0,333,-457.3673
fine_tuned,10000,9548,10000,+,contig_0,453,-2188839.0
fine_tuned,1000,908,51,-,contig_0,858,-62043.28
fine_tuned,25000,874,2,-,contig_0,873,-5968829.0
fine_tuned,25000,1692,871,-,contig_0,822,-1455370.0
fine_tuned,25000,1844,1734,-,contig_0,111,-1.44018
fine_tuned,25000,2149,1919,-,contig_0,231,-5.329884
fine_tuned,25000,2293,2195,-,contig_0,99,-3.491672
fine_tuned,25000,2421,2293,-,contig_0,129,-0.2093654
fine_tuned,25000,3382,2405,-,contig_0,978,-3125.237
fine_tuned,25000,3701,3405,-,contig_0,297,-32.05199
fine_tuned,25000,4053,3709,-,contig_0,345,-187.064
fine_tuned,25000,5031,4090,-,contig_0,942,-963927.2
fine_tuned,25000,5105,5380,+,contig_0,276,-1.612549
fine_tuned,25000,5847,5455,-,contig_0,393,-342.7963
fine_tuned,25000,6146,5844,-,contig_0,303,-62.81065
fine_tuned,25000,8049,6124,-,contig_0,1926,-6917765000.0
fine_tuned,25000,8174,8085,-,contig_0,90,-0.1359024
fine_tuned,25000,9099,8200,-,contig_0,900,-1375940.0
fine_tuned,25000,9713,9186,-,contig_0,528,-247.6298
fine_tuned,25000,10186,9713,-,contig_0,474,-261.2927
fine_tuned,25000,10714,10196,-,contig_0,519,-16909.94
fine_tuned,25000,11346,10696,-,contig_0,651,-2573.233
fine_tuned,25000,11696,11343,-,contig_0,354,-762.4095
fine_tuned,25000,11895,11668,-,contig_0,228,-26.42665
fine_tuned,25000,12381,11938,-,contig_0,444,-1162.156
fine_tuned,25000,13182,12514,-,contig_0,669,-93127.4
fine_tuned,25000,13964,13281,-,contig_0,684,-11046.14
fine_tuned,25000,14428,13973,-,contig_0,456,-7661.994
fine_tuned,25000,14841,14428,-,contig_0,414,-610.1931
fine_tuned,25000,16200,14842,-,contig_0,1359,-233017500.0
fine_tuned,25000,16375,16202,-,contig_0,174,-13.87035
fine_tuned,25000,16857,16486,-,contig_0,372,-2440.497
fine_tuned,25000,17674,16844,-,contig_0,831,-659667.4
fine_tuned,25000,18532,17720,-,contig_0,813,-10130.24
fine_tuned,25000,19033,18671,-,contig_0,363,-223.9735
fine_tuned,25000,20104,19079,-,contig_0,1026,-5021214000.0
fine_tuned,25000,20394,20122,-,contig_0,273,-100.379
fine_tuned,25000,20578,20465,-,contig_0,114,-0.4636948
fine_tuned,25000,20625,20729,+,contig_0,105,-0.1429294
fine_tuned,25000,22387,21137,-,contig_0,1251,-57425640.0
fine_tuned,25000,22759,22448,-,contig_0,312,-219.4634
fine_tuned,25000,22884,22762,-,contig_0,123,-6.739783
fine_tuned,25000,23122,22901,-,contig_0,222,-90.42981
fine_tuned,25000,23366,23100,-,contig_0,267,-84.82969
fine_tuned,25000,23837,23484,-,contig_0,354,-65.75519
fine_tuned,25000,23946,23785,-,contig_0,162,-204.6573
fine_tuned,25000,24281,24012,-,contig_0,270,-48.75366
fine_tuned,25000,24651,24379,-,contig_0,273,-116.8878
fine_tuned,25000,24828,24718,-,contig_0,111,-0.1592051
fine_tuned,25000,24975,24850,-,contig_0,126,-3.278325
fine_tuned,25000,3,98,+,contig_0,96,-0.1953705
fine_tuned,25000,91,213,+,contig_0,123,-2.608202
fine_tuned,25000,105,16,-,contig_3,90,-2.004358
fine_tuned,25000,685,152,-,contig_3,534,-869.7632
fine_tuned,25000,901,722,-,contig_3,180,-30.17101
fine_tuned,25000,1048,929,-,contig_3,120,-0.6168689
fine_tuned,25000,1760,1239,-,contig_3,522,-2880.83
fine_tuned,25000,2163,1825,-,contig_3,339,-1856.449
fine_tuned,25000,2682,2254,-,contig_3,429,-460.1089
fine_tuned,25000,3543,2749,-,contig_3,795,-635812.9
fine_tuned,25000,3802,3557,-,contig_3,246,-30.34469
fine_tuned,25000,4012,3803,-,contig_3,210,-9.088664
fine_tuned,25000,4539,4009,-,contig_3,531,-7306.427
fine_tuned,25000,4941,4711,-,contig_3,231,-0.5507917
fine_tuned,25000,5309,4938,-,contig_3,372,-114.3282
fine_tuned,25000,6418,5378,-,contig_3,1041,-703337700.0
fine_tuned,25000,6856,6512,-,contig_3,345,-1387.44
fine_tuned,25000,7384,6872,-,contig_3,513,-2425.045
fine_tuned,25000,8004,7444,-,contig_3,561,-18257.79
fine_tuned,25000,7991,8221,+,contig_3,231,-16.57547
fine_tuned,25000,8776,8342,-,contig_3,435,-163.8631
fine_tuned,25000,9105,8851,-,contig_3,255,-192.6438
fine_tuned,25000,9732,9142,-,contig_3,591,-235097.6
fine_tuned,25000,9968,9789,-,contig_3,180,-0.8454475
fine_tuned,25000,10796,9987,-,contig_3,810,-7843913.0
fine_tuned,25000,10870,10778,-,contig_3,93,-4.312352
fine_tuned,25000,11152,10961,-,contig_3,192,-9.777165
fine_tuned,25000,11311,11198,-,contig_3,114,-13.07342
fine_tuned,25000,11518,11363,-,contig_3,156,-39.02055
fine_tuned,25000,12105,11509,-,contig_3,597,-1387.235
fine_tuned,25000,12916,12119,-,contig_3,798,-133512.7
fine_tuned,25000,13304,12975,-,contig_3,330,-240.105
fine_tuned,25000,13570,13292,-,contig_3,279,-178.3375
fine_tuned,25000,13737,13618,-,contig_3,120,-10.39204
fine_tuned,25000,13797,13979,+,contig_3,183,-32.38814
fine_tuned,25000,13988,14149,+,contig_3,162,-39.92232
fine_tuned,25000,14146,14292,+,contig_3,147,-0.9689046
fine_tuned,25000,14337,14540,+,contig_3,204,-71.34791
fine_tuned,25000,14591,14704,+,contig_3,114,-3.292077
fine_tuned,25000,14792,15112,+,contig_3,321,-403.1066
fine_tuned,25000,15282,15905,+,contig_3,624,-874573.5
fine_tuned,25000,15977,16489,+,contig_3,513,-6379.028
fine_tuned,25000,16504,16974,+,contig_3,471,-63576.8
fine_tuned,25000,16952,17476,+,contig_3,525,-7024.365
fine_tuned,25000,17539,17679,+,contig_3,141,-3.495651
fine_tuned,25000,17695,18132,+,contig_3,438,-99.47502
fine_tuned,25000,18212,19057,+,contig_3,846,-871796.7
fine_tuned,25000,19146,19271,+,contig_3,126,-4.797493
fine_tuned,25000,19264,19845,+,contig_3,582,-1251711.0
fine_tuned,25000,19845,20429,+,contig_3,585,-69662.66
fine_tuned,25000,20536,20706,+,contig_3,171,-16.28295
fine_tuned,25000,20700,20789,+,contig_3,90,-5.784461
fine_tuned,25000,20789,21058,+,contig_3,270,-992.0599
fine_tuned,25000,21115,21204,+,contig_3,90,-0.175907
fine_tuned,25000,21227,21520,+,contig_3,294,-96.6567
fine_tuned,25000,21567,22103,+,contig_3,537,-10681.79
fine_tuned,25000,22106,22261,+,contig_3,156,-6.188142
fine_tuned,25000,22275,22367,+,contig_3,93,-17.79538
fine_tuned,25000,22591,22881,+,contig_3,291,-1157.43
fine_tuned,25000,22901,23266,+,contig_3,366,-554.0681
fine_tuned,25000,23380,23574,+,contig_3,195,-1.998021
fine_tuned,25000,3,719,+,contig_4,717,-7740532.0
fine_tuned,25000,685,900,+,contig_4,216,-37.7366
fine_tuned,25000,897,1133,+,contig_4,237,-46.45145
fine_tuned,5000,2,217,+,contig_0,216,-3.153967
fine_tuned,5000,214,744,+,contig_0,531,-5827.898
fine_tuned,5000,731,1201,+,contig_0,471,-7463.925
fine_tuned,5000,1189,1506,+,contig_0,318,-55.1816
fine_tuned,5000,1508,1801,+,contig_0,294,-1618.814
fine_tuned,5000,1886,2101,+,contig_0,216,-12.70202
fine_tuned,5000,2140,2289,+,contig_0,150,-3.304932
fine_tuned,5000,2277,3077,+,contig_0,801,-115482.0
fine_tuned,5000,3132,3458,+,contig_0,327,-61.55702
fine_tuned,5000,3471,3878,+,contig_0,408,-594.9386
fine_tuned,5000,4371,3886,-,contig_0,486,-138.0214
fine_tuned,5000,4627,4385,-,contig_0,243,-10.61162
fine_tuned,5000,4853,4617,-,contig_0,237,-50.67186
fine_tuned,5000,4989,4888,-,contig_0,102,-0.4822317
fine_tuned,1000,773,105,-,contig_0,669,-39933.7
fine_tuned,1000,953,798,-,contig_0,156,-8.182208
fine_tuned,5000,150,1,-,contig_0,150,-1.478288
fine_tuned,5000,299,201,-,contig_0,99,-0.04556558
fine_tuned,5000,333,425,+,contig_0,93,-0.848194
fine_tuned,5000,475,597,+,contig_0,123,-437.7525
fine_tuned,5000,798,682,-,contig_0,117,-0.04265925
fine_tuned,5000,889,1026,+,contig_0,138,-4.213607
fine_tuned,5000,1060,1161,+,contig_0,102,-2.867663
fine_tuned,5000,1213,1593,+,contig_0,381,-1554.418
fine_tuned,5000,1580,1696,+,contig_0,117,-1.059675
fine_tuned,5000,1741,2019,+,contig_0,279,-1216.261
fine_tuned,5000,2076,2369,+,contig_0,294,-5934.0
fine_tuned,5000,2395,2946,+,contig_0,552,-122579400.0
fine_tuned,5000,2990,3139,+,contig_0,150,-0.1591455
fine_tuned,5000,51,1757,+,contig_1,1707,-1.056356e+17
fine_tuned,50000,376,89,-,contig_0,288,-90.39544
fine_tuned,50000,946,479,-,contig_0,468,-30.58823
fine_tuned,50000,1059,943,-,contig_0,117,-2.136888
fine_tuned,50000,1083,1799,+,contig_0,717,-992.8787
fine_tuned,50000,1811,1996,+,contig_0,186,-16.19113
fine_tuned,50000,2883,2047,-,contig_0,837,-181762.6
fine_tuned,50000,3631,2930,-,contig_0,702,-1616.858
fine_tuned,50000,3834,3649,-,contig_0,186,-33.10496
fine_tuned,50000,4035,3931,-,contig_0,105,-0.2095089
fine_tuned,50000,4222,4001,-,contig_0,222,-38.32194
fine_tuned,50000,4560,4276,-,contig_0,285,-62.08426
fine_tuned,50000,4840,4613,-,contig_0,228,-52.40993
fine_tuned,50000,5194,4865,-,contig_0,330,-5.903032
fine_tuned,50000,5432,5196,-,contig_0,237,-78.92559
fine_tuned,50000,6067,5429,-,contig_0,639,-2974.053
fine_tuned,50000,6336,6049,-,contig_0,288,-11.19635
fine_tuned,50000,7643,6324,-,contig_0,1320,-4060132.0
fine_tuned,50000,8076,7720,-,contig_0,357,-55.55402
fine_tuned,50000,9072,8098,-,contig_0,975,-30534.67
fine_tuned,50000,9493,9125,-,contig_0,369,-23.83846
fine_tuned,50000,9857,9663,-,contig_0,195,-3.525953
fine_tuned,50000,9958,9869,-,contig_0,90,-4.932025
fine_tuned,50000,10141,9965,-,contig_0,177,-0.2184593
fine_tuned,50000,10558,10241,-,contig_0,318,-164.5015
fine_tuned,50000,10698,10555,-,contig_0,144,-1.312541
fine_tuned,50000,11261,10791,-,contig_0,471,-360.6767
fine_tuned,50000,11525,11274,-,contig_0,252,-5.806885
fine_tuned,50000,14875,11516,-,contig_0,3360,-3.481897e+19
fine_tuned,50000,15374,14880,-,contig_0,495,-1379.268
fine_tuned,50000,15592,15434,-,contig_0,159,-0.1573336
fine_tuned,50000,16100,15639,-,contig_0,462,-3038.799
fine_tuned,50000,16300,16151,-,contig_0,150,-21.36724
fine_tuned,50000,16405,16521,+,contig_0,117,-2.232597
fine_tuned,50000,16651,16782,+,contig_0,132,-6.370417
fine_tuned,50000,18275,16800,-,contig_0,1476,-664883100.0
fine_tuned,50000,18614,18300,-,contig_0,315,-185.7424
fine_tuned,50000,281,3,-,contig_1,279,-128.3915
fine_tuned,50000,615,370,-,contig_1,246,-71.76737
fine_tuned,50000,772,644,-,contig_1,129,-38.45434
fine_tuned,50000,1137,772,-,contig_1,366,-323.5281
fine_tuned,50000,1342,1124,-,contig_1,219,-0.9598448
fine_tuned,50000,1571,1362,-,contig_1,210,-6.511055
fine_tuned,50000,1552,1950,+,contig_1,399,-175.8336
fine_tuned,50000,1960,2814,+,contig_1,855,-79408.46
fine_tuned,50000,2762,3181,+,contig_1,420,-100.4985
fine_tuned,50000,3265,3390,+,contig_1,126,-3.656724
fine_tuned,50000,3387,4649,+,contig_1,1263,-46046600.0
fine_tuned,50000,4618,5001,+,contig_1,384,-117.2922
fine_tuned,50000,5034,6245,+,contig_1,1212,-1375365.0
fine_tuned,50000,6345,6908,+,contig_1,564,-98.31133
fine_tuned,50000,6917,7018,+,contig_1,102,-13.80393
fine_tuned,50000,5,205,+,contig_2,201,-12.86127
fine_tuned,50000,218,571,+,contig_2,354,-3108.408
fine_tuned,50000,699,908,+,contig_2,210,-2.188798
fine_tuned,50000,1040,1945,+,contig_2,906,-797020.7
fine_tuned,50000,2032,2181,+,contig_2,150,-5.822272
fine_tuned,50000,2178,2576,+,contig_2,399,-38.65152
fine_tuned,50000,2582,3007,+,contig_2,426,-226.7119
fine_tuned,50000,3687,3004,-,contig_2,684,-3489.737
fine_tuned,50000,3898,3800,-,contig_2,99,-1.511747
fine_tuned,50000,3947,4315,+,contig_2,369,-570.997
fine_tuned,50000,4870,4397,-,contig_2,474,-4124.391
fine_tuned,50000,5154,4981,-,contig_2,174,-0.1184648
fine_tuned,50000,5392,5282,-,contig_2,111,-2.918732
fine_tuned,50000,5565,5476,-,contig_2,90,-2.17192
fine_tuned,50000,5827,5726,-,contig_2,102,-0.1259195
fine_tuned,50000,5990,5838,-,contig_2,153,-0.4268094
fine_tuned,50000,6185,6012,-,contig_2,174,-119.4063
fine_tuned,50000,6419,6261,-,contig_2,159,-492.5468
fine_tuned,50000,7031,6426,-,contig_2,606,-69966.15
fine_tuned,50000,7341,7000,-,contig_2,342,-251.1584
fine_tuned,50000,226,2,-,contig_3,225,-17.00727
fine_tuned,50000,322,227,-,contig_3,96,-19.2926
fine_tuned,50000,590,312,-,contig_3,279,-157.136
fine_tuned,50000,701,606,-,contig_3,96,-0.8552429
fine_tuned,50000,810,694,-,contig_3,117,-2.547744
fine_tuned,50000,359,3,-,contig_4,357,-330.2475
fine_tuned,50000,802,404,-,contig_4,399,-20.12723
fine_tuned,50000,828,917,+,contig_4,90,-3.376749
fine_tuned,50000,962,2050,+,contig_4,1089,-4463624.0
fine_tuned,50000,2124,2264,+,contig_4,141,-7.519895
fine_tuned,50000,3106,2399,-,contig_4,708,-10029.73
fine_tuned,50000,3116,3211,+,contig_4,96,-3.553907
fine_tuned,50000,3242,3688,+,contig_4,447,-388.5481
fine_tuned,50000,3730,4026,+,contig_4,297,-60.21587
fine_tuned,50000,4038,4571,+,contig_4,534,-328.2866
fine_tuned,50000,4483,5043,+,contig_4,561,-5221.317
fine_tuned,50000,5040,5411,+,contig_4,372,-123.358
fine_tuned,50000,5411,5692,+,contig_4,282,-50.08385
fine_tuned,50000,5733,5933,+,contig_4,201,-9.605492
fine_tuned,50000,5966,6091,+,contig_4,126,-0.8467329
fine_tuned,50000,6125,6295,+,contig_4,171,-7.52345
fine_tuned,50000,6292,7089,+,contig_4,798,-12542.48
fine_tuned,50000,7089,7436,+,contig_4,348,-2.917718
fine_tuned,50000,7433,7597,+,contig_4,165,-13.97582
fine_tuned,50000,7610,7858,+,contig_4,249,-19.25852
fine_tuned,50000,7849,8118,+,contig_4,270,-11.88059
fine_tuned,50000,8081,8269,+,contig_4,189,-2.950895
fine_tuned,50000,8280,8468,+,contig_4,189,-8.675554
fine_tuned,50000,8499,8600,+,contig_4,102,-1.550762
fine_tuned,50000,8600,8704,+,contig_4,105,-1.705744
fine_tuned,50000,8717,8887,+,contig_4,171,-0.1606552
fine_tuned,50000,8924,9157,+,contig_4,234,-7.463573
fine_tuned,50000,9255,9947,+,contig_4,693,-96062.14
fine_tuned,50000,10005,10097,+,contig_4,93,-2.835425
fine_tuned,50000,10240,10992,+,contig_4,753,-62991.21
fine_tuned,50000,10989,11156,+,contig_4,168,-4.70816
fine_tuned,50000,11165,11389,+,contig_4,225,-11.93044
fine_tuned,50000,11540,11746,+,contig_4,207,-0.5207286
fine_tuned,50000,11728,11829,+,contig_4,102,-0.06672193
fine_tuned,50000,11836,12276,+,contig_4,441,-444.9763
fine_tuned,50000,12230,12343,+,contig_4,114,-6.019538
fine_tuned,50000,12501,12812,+,contig_4,312,-146.196
fine_tuned,50000,12809,13246,+,contig_4,438,-543.0196
fine_tuned,50000,13263,13457,+,contig_4,195,-10.76477
fine_tuned,50000,13457,13663,+,contig_4,207,-30.97247
fine_tuned,50000,13675,14277,+,contig_4,603,-1379.259
fine_tuned,50000,14323,15468,+,contig_4,1146,-995502.3
fine_tuned,50000,15481,15747,+,contig_4,267,-156.8008
fine_tuned,50000,15750,16124,+,contig_4,375,-1120.196
fine_tuned,50000,63,1811,+,contig_0,1749,-82522550000.0
fine_tuned,50000,1896,2174,+,contig_0,279,-4884.338
fine_tuned,50000,2177,2398,+,contig_0,222,-3.876738
fine_tuned,50000,2408,3637,+,contig_0,1230,-6154513000.0
fine_tuned,50000,3638,3748,+,contig_0,111,-6.931846
fine_tuned,50000,3735,3830,+,contig_0,96,-6.472368
fine_tuned,50000,3818,4069,+,contig_0,252,-18.71054
fine_tuned,50000,4079,4186,+,contig_0,108,-0.157772
fine_tuned,50000,4206,4562,+,contig_0,357,-171.9559
fine_tuned,50000,4628,4849,+,contig_0,222,-100.7731
fine_tuned,50000,4937,5209,+,contig_0,273,-1.384713
fine_tuned,50000,5247,6386,+,contig_0,1140,-16482240.0
fine_tuned,50000,6405,6623,+,contig_0,219,-51.02781
fine_tuned,50000,6633,6926,+,contig_0,294,-5128.905
fine_tuned,50000,6880,7551,+,contig_0,672,-5256832.0
fine_tuned,50000,3,236,+,contig_2,234,-259.5813
fine_tuned,50000,321,584,+,contig_2,264,-199.3427
fine_tuned,50000,627,875,+,contig_2,249,-2862.845
fine_tuned,50000,900,1073,+,contig_2,174,-142.2192
fine_tuned,50000,1057,1476,+,contig_2,420,-583.3119
fine_tuned,50000,1815,1693,-,contig_2,123,-0.3284222
fine_tuned,50000,2054,1947,-,contig_2,108,-2.662729
fine_tuned,50000,2030,2683,+,contig_2,654,-8223.369
fine_tuned,50000,3075,2839,-,contig_2,237,-8.782102
fine_tuned,50000,3229,3654,+,contig_2,426,-3656.845
fine_tuned,50000,3743,3910,+,contig_2,168,-40.32467
fine_tuned,50000,3925,4083,+,contig_2,159,-43.01675
fine_tuned,50000,4086,4454,+,contig_2,369,-138.8257
fine_tuned,50000,4468,4797,+,contig_2,330,-2515.802
fine_tuned,50000,5050,4811,-,contig_2,240,-27.50506
fine_tuned,50000,5031,5522,+,contig_2,492,-482.729
fine_tuned,50000,5694,5512,-,contig_2,183,-3.70622
fine_tuned,50000,5774,6037,+,contig_2,264,-18.56903
fine_tuned,50000,6034,6255,+,contig_2,222,-71.28269
fine_tuned,50000,6255,6557,+,contig_2,303,-187.6955
fine_tuned,50000,6570,6773,+,contig_2,204,-137.7904
fine_tuned,50000,6730,7452,+,contig_2,723,-29767.22
fine_tuned,50000,7465,7722,+,contig_2,258,-176.64
fine_tuned,50000,7834,8220,+,contig_2,387,-1907.777
fine_tuned,50000,8231,8608,+,contig_2,378,-1045.536
fine_tuned,50000,8651,8824,+,contig_2,174,-42.05925
fine_tuned,50000,8949,9179,+,contig_2,231,-9.30489
fine_tuned,50000,3,665,+,contig_3,663,-12781.2
fine_tuned,50000,674,2245,+,contig_3,1572,-5568847000000.0
fine_tuned,50000,2268,2507,+,contig_3,240,-93.30074
fine_tuned,50000,2504,2662,+,contig_3,159,-63.90196
fine_tuned,50000,2756,2974,+,contig_3,219,-124.234
fine_tuned,50000,3161,2964,-,contig_3,198,-1.91369
fine_tuned,50000,3148,3522,+,contig_3,375,-1038.04
fine_tuned,50000,3626,3877,+,contig_3,252,-4.031699
fine_tuned,50000,3914,4708,+,contig_3,795,-4490531.0
fine_tuned,50000,4827,5198,+,contig_3,372,-0.7399661
fine_tuned,50000,5266,5397,+,contig_3,132,-0.1960058
fine_tuned,50000,5363,5569,+,contig_3,207,-112.5762
fine_tuned,50000,5653,6111,+,contig_3,459,-880.735
fine_tuned,50000,6108,6641,+,contig_3,534,-580.3288
fine_tuned,50000,6638,7495,+,contig_3,858,-116606500.0
fine_tuned,50000,7707,7585,-,contig_3,123,-0.1694827
fine_tuned,50000,8034,7729,-,contig_3,306,-667.8185
fine_tuned,50000,8205,8813,+,contig_3,609,-8675.0
fine_tuned,50000,8810,9646,+,contig_3,837,-3171694.0
fine_tuned,50000,9770,9621,-,contig_3,150,-1.55331
fine_tuned,50000,9947,9777,-,contig_3,171,-0.119057
fine_tuned,50000,9950,10906,+,contig_3,957,-24518510.0
fine_tuned,50000,11009,11620,+,contig_3,612,-4496.705
fine_tuned,50000,11634,11942,+,contig_3,309,-6.4487
fine_tuned,50000,12024,12563,+,contig_3,540,-42328.94
fine_tuned,50000,12577,13086,+,contig_3,510,-10302.35
fine_tuned,50000,13058,13351,+,contig_3,294,-111.0231
fine_tuned,50000,13356,13712,+,contig_3,357,-347.1833
fine_tuned,50000,13709,13930,+,contig_3,222,-25.77437
fine_tuned,50000,14072,14719,+,contig_3,648,-13393960.0
fine_tuned,50000,14716,15012,+,contig_3,297,-166.3057
fine_tuned,50000,15147,15446,+,contig_3,300,-50.45305
fine_tuned,50000,15451,15663,+,contig_3,213,-600.3688
fine_tuned,50000,15669,16097,+,contig_3,429,-16284.59
fine_tuned,50000,16112,16201,+,contig_3,90,-0.3265074
fine_tuned,50000,16223,16345,+,contig_3,123,-0.1093375
fine_tuned,50000,16965,16348,-,contig_3,618,-26269.92
fine_tuned,50000,17378,17127,-,contig_3,252,-5.341942
fine_tuned,50000,17555,17668,+,contig_3,114,-1.615539
fine_tuned,50000,17810,18070,+,contig_3,261,-56.22223
fine_tuned,50000,18079,18318,+,contig_3,240,-152.2067
fine_tuned,50000,19022,18411,-,contig_3,612,-7889.432
fine_tuned,50000,19158,18952,-,contig_3,207,-199.4761
fine_tuned,50000,19741,19220,-,contig_3,522,-40826.65
fine_tuned,50000,19971,19771,-,contig_3,201,-30.15586
fine_tuned,50000,20059,20310,+,contig_3,252,-2448.68
fine_tuned,50000,20371,20670,+,contig_3,300,-100.4503
fine_tuned,50000,20771,21052,+,contig_3,282,-87.04473
fine_tuned,50000,21234,21674,+,contig_3,441,-73390.78
fine_tuned,50000,21599,21949,+,contig_3,351,-1572.994
fine_tuned,50000,21950,23158,+,contig_3,1209,-1447128000000.0
fine_tuned,50000,23197,23295,+,contig_3,99,-8.626435
fine_tuned,50000,23318,23665,+,contig_3,348,-766.0848
fine_tuned,50000,23702,23908,+,contig_3,207,-15.93798
fine_tuned,50000,23994,24176,+,contig_3,183,-29.07481
fine_tuned,50000,24192,24341,+,contig_3,150,-0.3703932
fine_tuned,50000,24381,24533,+,contig_3,153,-118.2261
fine_tuned,50000,24551,24739,+,contig_3,189,-113.625
fine_tuned,50000,24756,25394,+,contig_3,639,-430631.3
fine_tuned,50000,25398,25748,+,contig_3,351,-6733.328
fine_tuned,50000,25699,26433,+,contig_3,735,-742566200.0
fine_tuned,50000,26435,26548,+,contig_3,114,-0.119715
fine_tuned,50000,26561,27106,+,contig_3,546,-3989.892
fine_tuned,50000,27184,27339,+,contig_3,156,-49.6638
fine_tuned,50000,27342,27566,+,contig_3,225,-1664.305
fine_tuned,50000,27563,27685,+,contig_3,123,-28.14539
fine_tuned,50000,27703,28020,+,contig_3,318,-794.0289
fine_tuned,50000,28090,28425,+,contig_3,336,-229.6845
fine_tuned,50000,28430,28828,+,contig_3,399,-1277267.0
fine_tuned,50000,28973,28872,-,contig_3,102,-1.662783
fine_tuned,50000,28987,29430,+,contig_3,444,-233.7857
fine_tuned,50000,29559,29825,+,contig_3,267,-739.1415
fine_tuned,50000,29837,30223,+,contig_3,387,-1696.704
fine_tuned,50000,30192,30440,+,contig_3,249,-205.025
fine_tuned,50000,30437,30799,+,contig_3,363,-63.53806
fine_tuned,50000,30796,31074,+,contig_3,279,-270.2802
fine_tuned,50000,31088,31606,+,contig_3,519,-252110.0
fine_tuned,50000,31616,32071,+,contig_3,456,-4805.2
fine_tuned,50000,32075,32323,+,contig_3,249,-320.2569
fine_tuned,50000,32333,32461,+,contig_3,129,-4.725566
fine_tuned,50000,32451,32699,+,contig_3,249,-512.1334
fine_tuned,50000,32738,33247,+,contig_3,510,-45905.2
