Model,Context_Length,Strand,Log_Likelihood
pre_train,10000,+,-0.4688332
pre_train,10000,-,-154.4191
pre_train,10000,-,-10.01725
pre_train,10000,-,-327.4872
pre_train,10000,-,-25.8352
pre_train,10000,-,-44552.27
pre_train,10000,-,-78842070.0
pre_train,10000,-,-11.18601
pre_train,10000,-,-93673230000.0
pre_train,10000,-,-318761500.0
pre_train,10000,-,-9.278274
pre_train,10000,-,-1329.881
pre_train,10000,-,-5.039177
pre_train,10000,-,-129.5226
pre_train,10000,-,-9920.073
pre_train,10000,-,-40.87073
pre_train,10000,+,-447.3407
pre_train,50000,-,-1.979233
pre_train,50000,-,-35.65744
pre_train,50000,-,-20170.43
pre_train,50000,-,-11654.95
pre_train,50000,-,-205346.1
pre_train,50000,-,-2201.011
pre_train,50000,-,-40.63791
pre_train,50000,-,-0.2993981
pre_train,50000,-,-71411.9
pre_train,50000,-,-61.32717
pre_train,50000,-,-0.2151032
pre_train,50000,-,-98289.8
pre_train,50000,-,-977453.6
pre_train,50000,+,-6.750907
pre_train,50000,+,-4.269936
pre_train,50000,-,-0.06121452
pre_train,50000,-,-1845.762
pre_train,50000,-,-2.954998
pre_train,50000,-,-31209760000.0
pre_train,50000,-,-150.3055
pre_train,50000,-,-494.4124
pre_train,50000,-,-11.75911
pre_train,50000,-,-9.464533
pre_train,50000,-,-15.92144
pre_train,50000,-,-11709.95
pre_train,50000,-,-36.41094
pre_train,50000,-,-2.088387
pre_train,50000,-,-125.9009
pre_train,50000,-,-15.62099
pre_train,50000,-,-11.45471
pre_train,50000,+,-11.28641
pre_train,50000,+,-17.17368
pre_train,50000,+,-28.38192
pre_train,50000,+,-3.973929
pre_train,50000,+,-1.854494
pre_train,50000,-,-4.832491
pre_train,50000,-,-153.0312
pre_train,50000,-,-18.09943
pre_train,50000,-,-0.1925669
pre_train,50000,-,-26.50174
pre_train,50000,-,-33.01748
pre_train,50000,+,-225806.6
pre_train,50000,+,-0.5775715
pre_train,50000,+,-1332.656
pre_train,50000,+,-0.2528819
pre_train,50000,+,-0.4462705
pre_train,50000,+,-19722.14
pre_train,50000,+,-58.63928
pre_train,50000,-,-1.70173
pre_train,50000,-,-1.64713
pre_train,50000,-,-4.18859
pre_train,50000,-,-2.785156
pre_train,50000,-,-6.923246
pre_train,50000,-,-1.349432
pre_train,50000,-,-2.886454
pre_train,50000,-,-1.148477
pre_train,50000,-,-2.51145
pre_train,50000,-,-7.411152
pre_train,50000,+,-6.667039
pre_train,50000,+,-0.1438889
pre_train,50000,+,-3142665000.0
pre_train,50000,+,-191324900000.0
pre_train,50000,+,-260.3207
pre_train,50000,+,-62829280.0
pre_train,50000,+,-3.229011
pre_train,50000,+,-122.9174
pre_train,50000,+,-13.75384
pre_train,50000,+,-174.6736
pre_train,50000,+,-99.04699
pre_train,50000,+,-359.4074
pre_train,50000,+,-6.716036
pre_train,50000,+,-0.1436573
pre_train,50000,+,-0.1448309
pre_train,50000,+,-0.07393719
pre_train,50000,+,-0.1436672
pre_train,50000,+,-0.2384752
pre_train,50000,+,-3881.415
pre_train,50000,-,-2.823631
pre_train,50000,-,-2.110011
pre_train,50000,-,-136.4767
pre_train,50000,+,-210.2528
pre_train,50000,+,-456.3062
pre_train,50000,+,-14.35491
pre_train,50000,+,-8.443008
pre_train,50000,+,-947.0783
pre_train,50000,+,-174.067
pre_train,50000,+,-8.813789
pre_train,50000,+,-25.67711
pre_train,50000,+,-2.344158
pre_train,50000,+,-861.0519
pre_train,50000,+,-26.44659
pre_train,50000,+,-0.6629897
pre_train,50000,+,-19.82735
pre_train,50000,-,-733.3942
pre_train,50000,-,-0.1663659
pre_train,50000,-,-392.9158
pre_train,50000,-,-18.0716
pre_train,50000,-,-0.06760242
pre_train,50000,+,-414.9873
pre_train,50000,+,-8.162346
pre_train,50000,+,-4.269985
pre_train,50000,+,-0.1787339
pre_train,50000,+,-3657.791
pre_train,50000,+,-19.97157
pre_train,50000,+,-829.1504
pre_train,50000,+,-252.9999
pre_train,50000,+,-2203.549
pre_train,50000,-,-1199579.0
pre_train,50000,-,-3.495042
pre_train,50000,+,-0.106203
pre_train,50000,-,-12.64034
pre_train,25000,-,-50.70209
pre_train,25000,-,-47.48474
pre_train,25000,-,-138.2391
pre_train,25000,-,-114.7138
pre_train,25000,-,-1.933248
pre_train,25000,-,-22.21338
pre_train,25000,-,-118.8117
pre_train,25000,-,-1282.468
pre_train,25000,-,-1.28555
pre_train,25000,-,-516.5921
pre_train,25000,-,-0.1758495
pre_train,25000,-,-534.4075
pre_train,25000,+,-0.2859679
pre_train,25000,+,-2.660155
pre_train,25000,-,-2480.574
pre_train,25000,-,-138.5434
pre_train,25000,-,-75.74012
pre_train,25000,-,-0.1028389
pre_train,25000,-,-1356.869
pre_train,25000,-,-2555.804
pre_train,25000,-,-654738.0
pre_train,25000,+,-0.2859635
pre_train,25000,+,-1.296537
pre_train,25000,-,-6104.192
pre_train,25000,-,-44.21042
pre_train,25000,-,-1.283034
pre_train,25000,-,-0.118724
pre_train,25000,-,-142.5991
pre_train,25000,-,-217225200000.0
pre_train,25000,-,-1358.026
pre_train,25000,-,-2326.009
pre_train,25000,-,-119.6146
pre_train,25000,-,-310.9016
pre_train,25000,-,-57.37867
pre_train,25000,-,-61.169
pre_train,25000,-,-240.7029
pre_train,25000,-,-4577.22
pre_train,25000,-,-1732659.0
pre_train,25000,-,-0.08331998
pre_train,25000,-,-1456.132
pre_train,25000,-,-18118110.0
pre_train,25000,-,-4.35594
pre_train,25000,-,-4236750.0
pre_train,25000,-,-3678.275
pre_train,25000,-,-8.530493
pre_train,25000,-,-80.05304
pre_train,25000,-,-16.49635
pre_train,25000,-,-617.3809
pre_train,25000,-,-39349480.0
pre_train,25000,-,-723824.4
pre_train,25000,-,-1.339267
pre_train,25000,-,-266.7663
pre_train,25000,-,-41.34965
pre_train,25000,-,-178.0927
pre_train,25000,-,-549.0892
pre_train,25000,+,-1.977794
pre_train,25000,-,-1004.43
pre_train,25000,-,-36.11449
pre_train,25000,-,-240.2797
pre_train,25000,-,-10.48406
pre_train,25000,-,-2.573362
pre_train,25000,-,-19.36293
pre_train,25000,-,-844.733
pre_train,5000,-,-48.43206
pre_train,5000,-,-107.8686
pre_train,5000,-,-22519.79
pre_train,5000,-,-1210.965
pre_train,5000,+,-0.07577734
pre_train,5000,+,-1227.493
pre_train,5000,+,-10.39952
pre_train,5000,+,-0.76716
pre_train,5000,+,-27.53428
pre_train,5000,+,-35545.22
pre_train,5000,+,-685.2031
pre_train,5000,-,-0.1944519
pre_train,5000,-,-1947.549
pre_train,5000,-,-4.476678
pre_train,25000,-,-0.3645442
pre_train,25000,+,-3850784.0
pre_train,25000,+,-74.6642
pre_train,25000,+,-2.526597
pre_train,25000,+,-0.1955313
pre_train,25000,-,-14.20587
pre_train,25000,-,-38.4381
pre_train,25000,-,-755.801
pre_train,25000,+,-1.951124
pre_train,25000,+,-5.098719
pre_train,25000,-,-60202.31
pre_train,25000,+,-121.4795
pre_train,25000,-,-0.1554049
pre_train,25000,-,-70.11647
pre_train,25000,-,-2.627791
pre_train,25000,+,-10.18148
pre_train,25000,+,-4491.724
pre_train,25000,+,-57.03617
pre_train,25000,-,-218.0968
pre_train,25000,-,-1589.719
pre_train,25000,-,-44.33451
pre_train,25000,-,-411.9134
pre_train,25000,+,-0.1220362
pre_train,25000,+,-118.3771
pre_train,25000,+,-4.960164
pre_train,25000,+,-0.5225058
pre_train,25000,+,-2.877471
pre_train,25000,+,-861.7127
pre_train,25000,+,-101.2984
pre_train,25000,+,-48.29627
pre_train,25000,+,-1548.808
pre_train,25000,+,-134.0799
pre_train,25000,+,-10882.06
pre_train,25000,+,-9.405325
pre_train,25000,+,-45425230.0
pre_train,25000,+,-2095.731
pre_train,25000,+,-1014.0
pre_train,25000,+,-97.40788
pre_train,25000,+,-10865.56
pre_train,25000,+,-2106.369
pre_train,25000,+,-377.3013
pre_train,25000,-,-1.354816
pre_train,25000,+,-2254.086
pre_train,25000,+,-152.1978
pre_train,25000,+,-6452.738
pre_train,25000,+,-0.3626884
pre_train,25000,+,-1.51736
pre_train,25000,+,-30.49945
pre_train,25000,+,-752.0619
pre_train,25000,+,-267.1426
pre_train,25000,+,-69418.86
pre_train,25000,+,-141.7466
pre_train,25000,+,-40.54237
pre_train,25000,+,-642479.3
pre_train,25000,+,-11.93817
pre_train,25000,+,-12745590.0
pre_train,25000,+,-6050.582
pre_train,25000,+,-25.91855
pre_train,25000,+,-35576880.0
pre_train,25000,+,-1289960.0
pre_train,25000,+,-0.06918978
pre_train,25000,+,-0.07427314
pre_train,25000,-,-1.187464
pre_train,25000,+,-524.5473
pre_train,5000,-,-484958800.0
pre_train,5000,-,-2.858247
pre_train,5000,-,-22534600000000.0
pre_train,5000,-,-25338950.0
pre_train,5000,-,-476962200.0
pre_train,50000,+,-3.842895
pre_train,50000,+,-126.1632
pre_train,50000,+,-73867.11
pre_train,50000,+,-359707.7
pre_train,50000,+,-227.4051
pre_train,50000,+,-1.729489
pre_train,50000,+,-54.30273
pre_train,50000,+,-5.801111
pre_train,50000,+,-90.54258
pre_train,50000,+,-8413316.0
pre_train,50000,+,-378845.9
pre_train,50000,+,-47182700000.0
pre_train,50000,+,-76.06055
pre_train,50000,+,-901.3535
pre_train,50000,+,-253.9708
pre_train,50000,-,-195125.9
pre_train,50000,+,-0.3553344
pre_train,50000,+,-6384918000.0
pre_train,50000,+,-0.1339411
pre_train,50000,+,-0.06169718
pre_train,50000,+,-0.3201951
pre_train,50000,-,-3.492306e+27
pre_train,50000,+,-18.74138
pre_train,50000,-,-68.13275
pre_train,50000,-,-15912510000000.0
pre_train,50000,-,-3526751.0
pre_train,50000,-,-2.72641
pre_train,50000,-,-0.1009371
pre_train,50000,-,-879.0948
pre_train,50000,-,-8189.212
pre_train,50000,-,-41.4244
pre_train,50000,-,-14.91968
pre_train,50000,-,-10672470.0
pre_train,50000,-,-394.9079
pre_train,50000,-,-1.036988
pre_train,50000,-,-45403150.0
pre_train,50000,-,-402.7915
pre_train,50000,-,-144.2341
pre_train,50000,-,-576.5373
pre_train,50000,-,-1.420391
pre_train,50000,-,-1113.783
pre_train,50000,-,-241.0462
pre_train,50000,-,-899.6137
pre_train,50000,-,-890.0501
pre_train,50000,-,-125.3423
pre_train,50000,-,-86.14677
pre_train,50000,-,-422.2488
pre_train,50000,-,-2166322.0
pre_train,50000,-,-0.1871452
pre_train,50000,-,-411.6082
pre_train,50000,+,-0.1001175
pre_train,50000,+,-17.07174
pre_train,50000,-,-11880.0
pre_train,50000,-,-1.179685
pre_train,50000,-,-4.55391
pre_train,50000,-,-22.72896
pre_train,50000,-,-1700.1
pre_train,50000,-,-1.880513
pre_train,50000,-,-0.113017
pre_train,50000,-,-809.3477
pre_train,50000,-,-2.639999
pre_train,50000,-,-0.9988071
pre_train,50000,-,-16.11481
pre_train,50000,-,-0.3718946
pre_train,50000,-,-6.993798
pre_train,50000,-,-8397.382
pre_train,50000,-,-123.6828
pre_train,50000,-,-4551.218
pre_train,50000,-,-228813.7
pre_train,50000,-,-26.36472
pre_train,50000,-,-581213.0
pre_train,50000,-,-1.193383
pre_train,50000,-,-4.373408
pre_train,50000,-,-8.238731
pre_train,50000,-,-188423.9
pre_train,50000,-,-515.5627
pre_train,50000,-,-15.56674
pre_train,50000,-,-3.114017
pre_train,50000,-,-2738.314
pre_train,50000,-,-159.5281
pre_train,50000,-,-943.0637
pre_train,1000,+,-14679.33
pre_train,1000,+,-66284.73
pre_train,1000,+,-99.31075
pre_train,1000,+,-14308.08
pre_train,1000,+,-9.491287
pre_train,10000,+,-2.427256
pre_train,10000,+,-407373100000.0
pre_train,10000,+,-46.26128
pre_train,10000,+,-5613.8
pre_train,10000,+,-2661.149
pre_train,10000,-,-13327.18
pre_train,10000,-,-3408.778
pre_train,10000,+,-0.3753703
pre_train,10000,+,-16877.9
pre_train,10000,+,-24114900.0
pre_train,10000,+,-141.1008
pre_train,10000,+,-0.8050986
pre_train,10000,+,-453.7805
pre_train,10000,+,-32.6203
pre_train,10000,+,-77337.91
pre_train,10000,+,-487973.1
pre_train,10000,+,-63043.08
pre_train,10000,+,-24.30248
pre_train,10000,+,-545.2851
pre_train,10000,+,-301543.0
pre_train,10000,+,-216338000.0
fine_tuned,10000,+,-3.145233
fine_tuned,10000,+,-7.568044
fine_tuned,10000,+,-32.44993
fine_tuned,10000,+,-0.4943657
fine_tuned,10000,+,-71.86275
fine_tuned,10000,+,-26.05872
fine_tuned,10000,+,-15.18028
fine_tuned,10000,-,-3.533768
fine_tuned,10000,+,-1402.196
fine_tuned,10000,+,-81.73087
fine_tuned,10000,+,-933381400000.0
fine_tuned,10000,+,-123.3327
fine_tuned,10000,+,-3252.753
fine_tuned,10000,+,-5553315.0
fine_tuned,10000,+,-0.3021122
fine_tuned,10000,+,-1936406000.0
fine_tuned,10000,+,-175545500.0
fine_tuned,10000,+,-10529.61
fine_tuned,10000,-,-0.07364969
fine_tuned,10000,+,-6846.608
fine_tuned,10000,-,-0.5278919
fine_tuned,10000,-,-3.049239
fine_tuned,10000,+,-23227.49
fine_tuned,10000,-,-1.887477
fine_tuned,10000,-,-880322400.0
fine_tuned,10000,-,-153.3049
fine_tuned,10000,-,-2567.799
fine_tuned,10000,-,-616.7347
fine_tuned,10000,-,-43.38701
fine_tuned,10000,-,-230.1957
fine_tuned,10000,-,-0.07202744
fine_tuned,10000,-,-12.97595
fine_tuned,10000,-,-1280851000.0
fine_tuned,10000,-,-8363749000000000.0
fine_tuned,10000,-,-472.9286
fine_tuned,10000,-,-2.391771
fine_tuned,10000,+,-70752.43
fine_tuned,10000,+,-11.38999
fine_tuned,10000,+,-42.22184
fine_tuned,10000,+,-8.010694
fine_tuned,10000,+,-50.86794
fine_tuned,10000,-,-7628537000000000.0
fine_tuned,10000,-,-0.09576269
fine_tuned,10000,+,-457.3673
fine_tuned,10000,+,-2188839.0
fine_tuned,1000,-,-62043.28
fine_tuned,25000,-,-5968829.0
fine_tuned,25000,-,-1455370.0
fine_tuned,25000,-,-1.44018
fine_tuned,25000,-,-5.329884
fine_tuned,25000,-,-3.491672
fine_tuned,25000,-,-0.2093654
fine_tuned,25000,-,-3125.237
fine_tuned,25000,-,-32.05199
fine_tuned,25000,-,-187.064
fine_tuned,25000,-,-963927.2
fine_tuned,25000,+,-1.612549
fine_tuned,25000,-,-342.7963
fine_tuned,25000,-,-62.81065
fine_tuned,25000,-,-6917765000.0
fine_tuned,25000,-,-0.1359024
fine_tuned,25000,-,-1375940.0
fine_tuned,25000,-,-247.6298
fine_tuned,25000,-,-261.2927
fine_tuned,25000,-,-16909.94
fine_tuned,25000,-,-2573.233
fine_tuned,25000,-,-762.4095
fine_tuned,25000,-,-26.42665
fine_tuned,25000,-,-1162.156
fine_tuned,25000,-,-93127.4
fine_tuned,25000,-,-11046.14
fine_tuned,25000,-,-7661.994
fine_tuned,25000,-,-610.1931
fine_tuned,25000,-,-233017500.0
fine_tuned,25000,-,-13.87035
fine_tuned,25000,-,-2440.497
fine_tuned,25000,-,-659667.4
fine_tuned,25000,-,-10130.24
fine_tuned,25000,-,-223.9735
fine_tuned,25000,-,-5021214000.0
fine_tuned,25000,-,-100.379
fine_tuned,25000,-,-0.4636948
fine_tuned,25000,+,-0.1429294
fine_tuned,25000,-,-57425640.0
fine_tuned,25000,-,-219.4634
fine_tuned,25000,-,-6.739783
fine_tuned,25000,-,-90.42981
fine_tuned,25000,-,-84.82969
fine_tuned,25000,-,-65.75519
fine_tuned,25000,-,-204.6573
fine_tuned,25000,-,-48.75366
fine_tuned,25000,-,-116.8878
fine_tuned,25000,-,-0.1592051
fine_tuned,25000,-,-3.278325
fine_tuned,25000,+,-0.1953705
fine_tuned,25000,+,-2.608202
fine_tuned,25000,-,-2.004358
fine_tuned,25000,-,-869.7632
fine_tuned,25000,-,-30.17101
fine_tuned,25000,-,-0.6168689
fine_tuned,25000,-,-2880.83
fine_tuned,25000,-,-1856.449
fine_tuned,25000,-,-460.1089
fine_tuned,25000,-,-635812.9
fine_tuned,25000,-,-30.34469
fine_tuned,25000,-,-9.088664
fine_tuned,25000,-,-7306.427
fine_tuned,25000,-,-0.5507917
fine_tuned,25000,-,-114.3282
fine_tuned,25000,-,-703337700.0
fine_tuned,25000,-,-1387.44
fine_tuned,25000,-,-2425.045
fine_tuned,25000,-,-18257.79
fine_tuned,25000,+,-16.57547
fine_tuned,25000,-,-163.8631
fine_tuned,25000,-,-192.6438
fine_tuned,25000,-,-235097.6
fine_tuned,25000,-,-0.8454475
fine_tuned,25000,-,-7843913.0
fine_tuned,25000,-,-4.312352
fine_tuned,25000,-,-9.777165
fine_tuned,25000,-,-13.07342
fine_tuned,25000,-,-39.02055
fine_tuned,25000,-,-1387.235
fine_tuned,25000,-,-133512.7
fine_tuned,25000,-,-240.105
fine_tuned,25000,-,-178.3375
fine_tuned,25000,-,-10.39204
fine_tuned,25000,+,-32.38814
fine_tuned,25000,+,-39.92232
fine_tuned,25000,+,-0.9689046
fine_tuned,25000,+,-71.34791
fine_tuned,25000,+,-3.292077
fine_tuned,25000,+,-403.1066
fine_tuned,25000,+,-874573.5
fine_tuned,25000,+,-6379.028
fine_tuned,25000,+,-63576.8
fine_tuned,25000,+,-7024.365
fine_tuned,25000,+,-3.495651
fine_tuned,25000,+,-99.47502
fine_tuned,25000,+,-871796.7
fine_tuned,25000,+,-4.797493
fine_tuned,25000,+,-1251711.0
fine_tuned,25000,+,-69662.66
fine_tuned,25000,+,-16.28295
fine_tuned,25000,+,-5.784461
fine_tuned,25000,+,-992.0599
fine_tuned,25000,+,-0.175907
fine_tuned,25000,+,-96.6567
fine_tuned,25000,+,-10681.79
fine_tuned,25000,+,-6.188142
fine_tuned,25000,+,-17.79538
fine_tuned,25000,+,-1157.43
fine_tuned,25000,+,-554.0681
fine_tuned,25000,+,-1.998021
fine_tuned,25000,+,-7740532.0
fine_tuned,25000,+,-37.7366
fine_tuned,25000,+,-46.45145
fine_tuned,5000,+,-3.153967
fine_tuned,5000,+,-5827.898
fine_tuned,5000,+,-7463.925
fine_tuned,5000,+,-55.1816
fine_tuned,5000,+,-1618.814
fine_tuned,5000,+,-12.70202
fine_tuned,5000,+,-3.304932
fine_tuned,5000,+,-115482.0
fine_tuned,5000,+,-61.55702
fine_tuned,5000,+,-594.9386
fine_tuned,5000,-,-138.0214
fine_tuned,5000,-,-10.61162
fine_tuned,5000,-,-50.67186
fine_tuned,5000,-,-0.4822317
fine_tuned,1000,-,-39933.7
fine_tuned,1000,-,-8.182208
fine_tuned,5000,-,-1.478288
fine_tuned,5000,-,-0.04556558
fine_tuned,5000,+,-0.848194
fine_tuned,5000,+,-437.7525
fine_tuned,5000,-,-0.04265925
fine_tuned,5000,+,-4.213607
fine_tuned,5000,+,-2.867663
fine_tuned,5000,+,-1554.418
fine_tuned,5000,+,-1.059675
fine_tuned,5000,+,-1216.261
fine_tuned,5000,+,-5934.0
fine_tuned,5000,+,-122579400.0
fine_tuned,5000,+,-0.1591455
fine_tuned,5000,+,-1.056356e+17
fine_tuned,50000,-,-90.39544
fine_tuned,50000,-,-30.58823
fine_tuned,50000,-,-2.136888
fine_tuned,50000,+,-992.8787
fine_tuned,50000,+,-16.19113
fine_tuned,50000,-,-181762.6
fine_tuned,50000,-,-1616.858
fine_tuned,50000,-,-33.10496
fine_tuned,50000,-,-0.2095089
fine_tuned,50000,-,-38.32194
fine_tuned,50000,-,-62.08426
fine_tuned,50000,-,-52.40993
fine_tuned,50000,-,-5.903032
fine_tuned,50000,-,-78.92559
fine_tuned,50000,-,-2974.053
fine_tuned,50000,-,-11.19635
fine_tuned,50000,-,-4060132.0
fine_tuned,50000,-,-55.55402
fine_tuned,50000,-,-30534.67
fine_tuned,50000,-,-23.83846
fine_tuned,50000,-,-3.525953
fine_tuned,50000,-,-4.932025
fine_tuned,50000,-,-0.2184593
fine_tuned,50000,-,-164.5015
fine_tuned,50000,-,-1.312541
fine_tuned,50000,-,-360.6767
fine_tuned,50000,-,-5.806885
fine_tuned,50000,-,-3.481897e+19
fine_tuned,50000,-,-1379.268
fine_tuned,50000,-,-0.1573336
fine_tuned,50000,-,-3038.799
fine_tuned,50000,-,-21.36724
fine_tuned,50000,+,-2.232597
fine_tuned,50000,+,-6.370417
fine_tuned,50000,-,-664883100.0
fine_tuned,50000,-,-185.7424
fine_tuned,50000,-,-128.3915
fine_tuned,50000,-,-71.76737
fine_tuned,50000,-,-38.45434
fine_tuned,50000,-,-323.5281
fine_tuned,50000,-,-0.9598448
fine_tuned,50000,-,-6.511055
fine_tuned,50000,+,-175.8336
fine_tuned,50000,+,-79408.46
fine_tuned,50000,+,-100.4985
fine_tuned,50000,+,-3.656724
fine_tuned,50000,+,-46046600.0
fine_tuned,50000,+,-117.2922
fine_tuned,50000,+,-1375365.0
fine_tuned,50000,+,-98.31133
fine_tuned,50000,+,-13.80393
fine_tuned,50000,+,-12.86127
fine_tuned,50000,+,-3108.408
fine_tuned,50000,+,-2.188798
fine_tuned,50000,+,-797020.7
fine_tuned,50000,+,-5.822272
fine_tuned,50000,+,-38.65152
fine_tuned,50000,+,-226.7119
fine_tuned,50000,-,-3489.737
fine_tuned,50000,-,-1.511747
fine_tuned,50000,+,-570.997
fine_tuned,50000,-,-4124.391
fine_tuned,50000,-,-0.1184648
fine_tuned,50000,-,-2.918732
fine_tuned,50000,-,-2.17192
fine_tuned,50000,-,-0.1259195
fine_tuned,50000,-,-0.4268094
fine_tuned,50000,-,-119.4063
fine_tuned,50000,-,-492.5468
fine_tuned,50000,-,-69966.15
fine_tuned,50000,-,-251.1584
fine_tuned,50000,-,-17.00727
fine_tuned,50000,-,-19.2926
fine_tuned,50000,-,-157.136
fine_tuned,50000,-,-0.8552429
fine_tuned,50000,-,-2.547744
fine_tuned,50000,-,-330.2475
fine_tuned,50000,-,-20.12723
fine_tuned,50000,+,-3.376749
fine_tuned,50000,+,-4463624.0
fine_tuned,50000,+,-7.519895
fine_tuned,50000,-,-10029.73
fine_tuned,50000,+,-3.553907
fine_tuned,50000,+,-388.5481
fine_tuned,50000,+,-60.21587
fine_tuned,50000,+,-328.2866
fine_tuned,50000,+,-5221.317
fine_tuned,50000,+,-123.358
fine_tuned,50000,+,-50.08385
fine_tuned,50000,+,-9.605492
fine_tuned,50000,+,-0.8467329
fine_tuned,50000,+,-7.52345
fine_tuned,50000,+,-12542.48
fine_tuned,50000,+,-2.917718
fine_tuned,50000,+,-13.97582
fine_tuned,50000,+,-19.25852
fine_tuned,50000,+,-11.88059
fine_tuned,50000,+,-2.950895
fine_tuned,50000,+,-8.675554
fine_tuned,50000,+,-1.550762
fine_tuned,50000,+,-1.705744
fine_tuned,50000,+,-0.1606552
fine_tuned,50000,+,-7.463573
fine_tuned,50000,+,-96062.14
fine_tuned,50000,+,-2.835425
fine_tuned,50000,+,-62991.21
fine_tuned,50000,+,-4.70816
fine_tuned,50000,+,-11.93044
fine_tuned,50000,+,-0.5207286
fine_tuned,50000,+,-0.06672193
fine_tuned,50000,+,-444.9763
fine_tuned,50000,+,-6.019538
fine_tuned,50000,+,-146.196
fine_tuned,50000,+,-543.0196
fine_tuned,50000,+,-10.76477
fine_tuned,50000,+,-30.97247
fine_tuned,50000,+,-1379.259
fine_tuned,50000,+,-995502.3
fine_tuned,50000,+,-156.8008
fine_tuned,50000,+,-1120.196
fine_tuned,50000,+,-82522550000.0
fine_tuned,50000,+,-4884.338
fine_tuned,50000,+,-3.876738
fine_tuned,50000,+,-6154513000.0
fine_tuned,50000,+,-6.931846
fine_tuned,50000,+,-6.472368
fine_tuned,50000,+,-18.71054
fine_tuned,50000,+,-0.157772
fine_tuned,50000,+,-171.9559
fine_tuned,50000,+,-100.7731
fine_tuned,50000,+,-1.384713
fine_tuned,50000,+,-16482240.0
fine_tuned,50000,+,-51.02781
fine_tuned,50000,+,-5128.905
fine_tuned,50000,+,-5256832.0
fine_tuned,50000,+,-259.5813
fine_tuned,50000,+,-199.3427
fine_tuned,50000,+,-2862.845
fine_tuned,50000,+,-142.2192
fine_tuned,50000,+,-583.3119
fine_tuned,50000,-,-0.3284222
fine_tuned,50000,-,-2.662729
fine_tuned,50000,+,-8223.369
fine_tuned,50000,-,-8.782102
fine_tuned,50000,+,-3656.845
fine_tuned,50000,+,-40.32467
fine_tuned,50000,+,-43.01675
fine_tuned,50000,+,-138.8257
fine_tuned,50000,+,-2515.802
fine_tuned,50000,-,-27.50506
fine_tuned,50000,+,-482.729
fine_tuned,50000,-,-3.70622
fine_tuned,50000,+,-18.56903
fine_tuned,50000,+,-71.28269
fine_tuned,50000,+,-187.6955
fine_tuned,50000,+,-137.7904
fine_tuned,50000,+,-29767.22
fine_tuned,50000,+,-176.64
fine_tuned,50000,+,-1907.777
fine_tuned,50000,+,-1045.536
fine_tuned,50000,+,-42.05925
fine_tuned,50000,+,-9.30489
fine_tuned,50000,+,-12781.2
fine_tuned,50000,+,-5568847000000.0
fine_tuned,50000,+,-93.30074
fine_tuned,50000,+,-63.90196
fine_tuned,50000,+,-124.234
fine_tuned,50000,-,-1.91369
fine_tuned,50000,+,-1038.04
fine_tuned,50000,+,-4.031699
fine_tuned,50000,+,-4490531.0
fine_tuned,50000,+,-0.7399661
fine_tuned,50000,+,-0.1960058
fine_tuned,50000,+,-112.5762
fine_tuned,50000,+,-880.735
fine_tuned,50000,+,-580.3288
fine_tuned,50000,+,-116606500.0
fine_tuned,50000,-,-0.1694827
fine_tuned,50000,-,-667.8185
fine_tuned,50000,+,-8675.0
fine_tuned,50000,+,-3171694.0
fine_tuned,50000,-,-1.55331
fine_tuned,50000,-,-0.119057
fine_tuned,50000,+,-24518510.0
fine_tuned,50000,+,-4496.705
fine_tuned,50000,+,-6.4487
fine_tuned,50000,+,-42328.94
fine_tuned,50000,+,-10302.35
fine_tuned,50000,+,-111.0231
fine_tuned,50000,+,-347.1833
fine_tuned,50000,+,-25.77437
fine_tuned,50000,+,-13393960.0
fine_tuned,50000,+,-166.3057
fine_tuned,50000,+,-50.45305
fine_tuned,50000,+,-600.3688
fine_tuned,50000,+,-16284.59
fine_tuned,50000,+,-0.3265074
fine_tuned,50000,+,-0.1093375
fine_tuned,50000,-,-26269.92
fine_tuned,50000,-,-5.341942
fine_tuned,50000,+,-1.615539
fine_tuned,50000,+,-56.22223
fine_tuned,50000,+,-152.2067
fine_tuned,50000,-,-7889.432
fine_tuned,50000,-,-199.4761
fine_tuned,50000,-,-40826.65
fine_tuned,50000,-,-30.15586
fine_tuned,50000,+,-2448.68
fine_tuned,50000,+,-100.4503
fine_tuned,50000,+,-87.04473
fine_tuned,50000,+,-73390.78
fine_tuned,50000,+,-1572.994
fine_tuned,50000,+,-1447128000000.0
fine_tuned,50000,+,-8.626435
fine_tuned,50000,+,-766.0848
fine_tuned,50000,+,-15.93798
fine_tuned,50000,+,-29.07481
fine_tuned,50000,+,-0.3703932
fine_tuned,50000,+,-118.2261
fine_tuned,50000,+,-113.625
fine_tuned,50000,+,-430631.3
fine_tuned,50000,+,-6733.328
fine_tuned,50000,+,-742566200.0
fine_tuned,50000,+,-0.119715
fine_tuned,50000,+,-3989.892
fine_tuned,50000,+,-49.6638
fine_tuned,50000,+,-1664.305
fine_tuned,50000,+,-28.14539
fine_tuned,50000,+,-794.0289
fine_tuned,50000,+,-229.6845
fine_tuned,50000,+,-1277267.0
fine_tuned,50000,-,-1.662783
fine_tuned,50000,+,-233.7857
fine_tuned,50000,+,-739.1415
fine_tuned,50000,+,-1696.704
fine_tuned,50000,+,-205.025
fine_tuned,50000,+,-63.53806
fine_tuned,50000,+,-270.2802
fine_tuned,50000,+,-252110.0
fine_tuned,50000,+,-4805.2
fine_tuned,50000,+,-320.2569
fine_tuned,50000,+,-4.725566
fine_tuned,50000,+,-512.1334
fine_tuned,50000,+,-45905.2
